key_id,text_id,channel,n_frames,mean_s,var_s
0,p0,clean_reencode,132,0.3773771104174128,2.54053689761303
1,p0,clean_reencode,132,0.24070952103738202,3.4867641783027437
2,p0,clean_reencode,132,0.002636988850838743,3.0690643008810525
3,p0,clean_reencode,132,0.019186346068055027,2.0122427630057724
4,p0,clean_reencode,132,0.5078450362882642,3.7377526478194776
5,p0,clean_reencode,132,-0.19342023426657404,2.826845715190741
6,p0,clean_reencode,132,0.1656895126015871,3.1956187836193513
7,p0,clean_reencode,132,0.5760360196381632,2.6558602400530242
8,p0,clean_reencode,132,0.5440666072714087,3.745215309424489
9,p0,clean_reencode,132,-0.5126812665830761,2.9873037916508944
10,p0,clean_reencode,132,0.45799096383684135,2.8975631479149686
11,p0,clean_reencode,132,-0.3265735322573622,3.274816622861523
12,p0,clean_reencode,132,-0.22051827409436514,3.415384561046699
13,p0,clean_reencode,132,-0.8868098732309591,2.926911330550056
14,p0,clean_reencode,132,0.6598242994015995,1.7021552788284078
15,p0,clean_reencode,132,-0.12273614091963031,2.395075419802936
16,p0,clean_reencode,132,0.8650571809011,3.3345605360585933
17,p0,clean_reencode,132,-0.018084446378230045,5.0649083738312966
18,p0,clean_reencode,132,0.004790075823387499,2.5411707606563496
19,p0,clean_reencode,132,-0.3781081963198091,3.7150168164937942
20,p0,clean_reencode,132,-0.4126246404567552,2.8131185832508243
21,p0,clean_reencode,132,0.3337119623792054,4.41919886553094
22,p0,clean_reencode,132,-0.4921836445624058,3.0068910981685613
23,p0,clean_reencode,132,0.5435156670373239,4.631542257191015
24,p0,clean_reencode,132,0.32773413960212533,2.850243426670691
25,p0,clean_reencode,132,-7.147242687049185e-07,3.722942704776827
26,p0,clean_reencode,132,0.19354769322324125,5.602714774332584
27,p0,clean_reencode,132,0.8527871101488548,2.751550548724393
28,p0,clean_reencode,132,0.430079473075152,3.5733253683918615
29,p0,clean_reencode,132,-1.2114265520918197,2.231302378851602
30,p0,clean_reencode,132,0.9759157485200662,2.967801879828882
31,p0,clean_reencode,132,-0.08374116331414151,3.4660110186721895
32,p0,clean_reencode,132,0.6017008980278978,1.8904730687353344
33,p0,clean_reencode,132,-0.8251384500739183,2.6286774621295197
34,p0,clean_reencode,132,-0.7114336946840556,2.4478830317501865
35,p0,clean_reencode,132,-0.34722465331346053,2.47269888689947
36,p0,clean_reencode,132,0.3000628268325496,3.6567845249942907
37,p0,clean_reencode,132,0.1177174534339681,2.7890635587463795
38,p0,clean_reencode,132,0.3380475623359448,2.6756597241279843
39,p0,clean_reencode,132,0.015764196411369367,2.876268679126849
40,p0,clean_reencode,132,0.2526638146292011,1.7779108718224705
41,p0,clean_reencode,132,-0.21386340399870685,4.565203948704725
42,p0,clean_reencode,132,0.4040433413269682,3.226613173548757
43,p0,clean_reencode,132,-0.4982600983514761,2.1829182199303148
44,p0,clean_reencode,132,0.7043085281226658,2.484214123962743
45,p0,clean_reencode,132,-0.21610700755950932,3.8275944934610764
46,p0,clean_reencode,132,0.09088065882946693,1.915052370706949
47,p0,clean_reencode,132,-0.5766138371105319,2.9831646587733527
48,p0,clean_reencode,132,0.33960780395456974,2.0434939706042607
49,p0,clean_reencode,132,0.7391718160272925,2.8470862811282864
50,p0,clean_reencode,132,-0.7289633289518196,4.145502241197157
51,p0,clean_reencode,132,0.7870996041881743,2.2984463759172566
52,p0,clean_reencode,132,-0.23406868437629802,2.3787649641184636
53,p0,clean_reencode,132,-0.37875544181744797,2.795930344653022
54,p0,clean_reencode,132,-0.2110018217696097,3.3472240334408467
55,p0,clean_reencode,132,0.044354737245022466,3.9930603064797308
56,p0,clean_reencode,132,0.49853234577565225,3.484973780406549
57,p0,clean_reencode,132,-0.6406333817311319,1.9510513096768585
58,p0,clean_reencode,132,-0.7372250808520875,1.9681225981691661
59,p0,clean_reencode,132,0.07568177116300787,2.2382759491189317
60,p0,clean_reencode,132,-0.43189569182644666,2.431009843874701
61,p0,clean_reencode,132,0.04711033450923064,2.562273975702686
62,p0,clean_reencode,132,0.6410363166137809,2.560795914730575
63,p0,clean_reencode,132,0.09220021938579398,2.2243816741755333
0,p1,clean_reencode,194,-0.6149288078125869,2.870980847811697
1,p1,clean_reencode,194,-0.09255563119813436,3.6391113970028997
2,p1,clean_reencode,194,-0.7889251638365326,3.860526277550533
3,p1,clean_reencode,194,0.09529363579676083,2.5128515118855264
4,p1,clean_reencode,194,0.41070808242625384,2.2798668623040745
5,p1,clean_reencode,194,0.2504852599317121,4.365897833119416
6,p1,clean_reencode,194,-0.3144626101240095,3.5334058269476367
7,p1,clean_reencode,194,0.08296660819129233,3.05700416681871
8,p1,clean_reencode,194,-0.7516690045936028,3.101179108136047
9,p1,clean_reencode,194,-0.46503192381464764,3.1223209318973275
10,p1,clean_reencode,194,-0.3279040046083181,3.832121022066204
11,p1,clean_reencode,194,-0.6525371678337847,3.441966242389308
12,p1,clean_reencode,194,-0.4885343262313804,2.8624602788436033
13,p1,clean_reencode,194,-0.33192109271748627,2.015117299991043
14,p1,clean_reencode,194,-0.49322031750774764,2.9963620927567605
15,p1,clean_reencode,194,0.2520645437974002,1.717545771301896
16,p1,clean_reencode,194,0.35258233205264344,1.980452823117134
17,p1,clean_reencode,194,-0.19421693954653518,1.6976737768623582
18,p1,clean_reencode,194,0.0409939241831785,2.4423258867717617
19,p1,clean_reencode,194,0.27051384792032956,2.593016658971509
20,p1,clean_reencode,194,-0.09677326304237353,2.2513608889112433
21,p1,clean_reencode,194,-0.4505495826674446,2.2746745504833243
22,p1,clean_reencode,194,-0.4879693379067624,2.2291334739627007
23,p1,clean_reencode,194,0.2718496774433316,2.7152567567670416
24,p1,clean_reencode,194,0.39773247044370874,2.33843303004376
25,p1,clean_reencode,194,0.7938968829175619,2.2279626052990005
26,p1,clean_reencode,194,-0.35657675520208404,1.521101565744473
27,p1,clean_reencode,194,-0.08812034439013094,2.146612862598192
28,p1,clean_reencode,194,0.1599853302439051,2.6161656827052058
29,p1,clean_reencode,194,-0.5611041302749812,2.5937306009576124
30,p1,clean_reencode,194,0.7417061420274131,1.568078452377833
31,p1,clean_reencode,194,-0.19755048983061005,2.6446538799891655
32,p1,clean_reencode,194,-0.2665349102571307,3.39007413817147
33,p1,clean_reencode,194,-0.5965567615528956,2.751329701597434
34,p1,clean_reencode,194,-0.5871976197751847,2.464384982517592
35,p1,clean_reencode,194,-0.6337159695061054,3.0963300139273797
36,p1,clean_reencode,194,-0.48891108366147235,2.7898801039075445
37,p1,clean_reencode,194,0.04881227353427661,4.69126583844007
38,p1,clean_reencode,194,-0.003976957620646123,2.547170222716994
39,p1,clean_reencode,194,0.2768608479470891,3.9440780152208696
40,p1,clean_reencode,194,-0.1030567545262601,2.711807115095513
41,p1,clean_reencode,194,-0.18431003932571488,1.2619220158234292
42,p1,clean_reencode,194,-0.02342306758116459,1.601086355611993
43,p1,clean_reencode,194,-0.1668275306313979,4.390770428294052
44,p1,clean_reencode,194,-0.048080578876171745,3.0822714947324825
45,p1,clean_reencode,194,0.232567970761995,3.2425625911253553
46,p1,clean_reencode,194,-0.0034273210719340595,3.2469424168406547
47,p1,clean_reencode,194,-0.42838744786020094,3.513418073808621
48,p1,clean_reencode,194,0.14989972639905294,2.668894060982463
49,p1,clean_reencode,194,0.5580934448793528,2.5381285444267827
50,p1,clean_reencode,194,-0.25809731115328793,2.4885209303336513
51,p1,clean_reencode,194,-0.28934316298466517,2.3358673940393047
52,p1,clean_reencode,194,0.3452883413838123,2.76617429419071
53,p1,clean_reencode,194,-0.2749814300434175,1.6862967977051033
54,p1,clean_reencode,194,0.20263459146293927,2.4788760748438707
55,p1,clean_reencode,194,-0.27936747920010396,2.7289920359471767
56,p1,clean_reencode,194,0.03969651797337258,2.1363543656157313
57,p1,clean_reencode,194,0.5922252807803352,5.147631230332607
58,p1,clean_reencode,194,-0.35899109799579204,2.555530724390667
59,p1,clean_reencode,194,-0.2552530609309047,3.015912432622706
60,p1,clean_reencode,194,-0.02040493359820911,2.6387884079696904
61,p1,clean_reencode,194,-0.18590595528012863,2.7980724274369955
62,p1,clean_reencode,194,0.5908482089980097,2.4075621569436794
63,p1,clean_reencode,194,0.6067704614594454,2.076475544182008
0,p2,clean_reencode,187,-0.5363805225513774,1.7258311865163531
1,p2,clean_reencode,187,-0.25142407363034386,2.003989412306299
2,p2,clean_reencode,187,-0.623771557027924,2.4353170242829836
3,p2,clean_reencode,187,0.7544732416208672,3.119562203161153
4,p2,clean_reencode,187,0.27360158183452277,3.8086802311756136
5,p2,clean_reencode,187,-0.21708097988738156,1.6030725766390526
6,p2,clean_reencode,187,-0.487046350935022,3.375205347145385
7,p2,clean_reencode,187,0.7076656128849886,1.6666345743941637
8,p2,clean_reencode,187,-0.018145395905784515,2.834157842167389
9,p2,clean_reencode,187,0.10504614328685787,1.9864115168304406
10,p2,clean_reencode,187,-0.3017749845399602,2.724952542516487
11,p2,clean_reencode,187,-0.9216173782962097,2.782484145719868
12,p2,clean_reencode,187,-0.7734405950159025,2.5194876473845746
13,p2,clean_reencode,187,-0.8127462351351628,3.3082570032101732
14,p2,clean_reencode,187,-0.3469868299850163,1.6060704824624603
15,p2,clean_reencode,187,0.9235245228868759,2.544106877447776
16,p2,clean_reencode,187,0.41492953136321475,2.6943692146876637
17,p2,clean_reencode,187,0.3998317262229204,2.9908974292340287
18,p2,clean_reencode,187,0.06666435300574271,2.13882425181562
19,p2,clean_reencode,187,-0.4830123771713324,2.4197141782954277
20,p2,clean_reencode,187,-0.23327658877319293,1.9082302938831561
21,p2,clean_reencode,187,-0.2768550999704062,1.9476391017399528
22,p2,clean_reencode,187,0.09689285474859813,2.717632981108844
23,p2,clean_reencode,187,0.2343462420333079,2.943119426828877
24,p2,clean_reencode,187,0.38458970954445965,2.9678711082118934
25,p2,clean_reencode,187,-0.07720526587226005,2.762773152481358
26,p2,clean_reencode,187,-0.4583628479603094,3.694822054079311
27,p2,clean_reencode,187,0.16766269259823915,1.717428989565662
28,p2,clean_reencode,187,0.23932132679952273,2.0318330169489105
29,p2,clean_reencode,187,-0.5418363991923343,2.5789419184065765
30,p2,clean_reencode,187,0.43700986101024836,2.6082668988445543
31,p2,clean_reencode,187,-0.07405455345096047,1.940786567300386
32,p2,clean_reencode,187,-0.307598474594673,2.665644339237031
33,p2,clean_reencode,187,-1.1705740369531403,1.921593048898335
34,p2,clean_reencode,187,-0.2121837338110642,2.208126087935136
35,p2,clean_reencode,187,-0.6211504488360221,1.8839817777876582
36,p2,clean_reencode,187,-0.5494793406355489,1.9825076959926737
37,p2,clean_reencode,187,0.3719421619182886,2.5466337466293867
38,p2,clean_reencode,187,-0.14477304614990089,2.2212364621748937
39,p2,clean_reencode,187,0.42920792239348105,1.5998667905068462
40,p2,clean_reencode,187,0.1679971568928314,1.491199941867675
41,p2,clean_reencode,187,-0.36348612384946277,4.785789696803069
42,p2,clean_reencode,187,-0.04287228504251258,3.8101161350556834
43,p2,clean_reencode,187,-0.33365562779078795,2.538029514545311
44,p2,clean_reencode,187,0.17559190067797453,2.372363849258171
45,p2,clean_reencode,187,0.7065318758848653,2.211084915405696
46,p2,clean_reencode,187,0.35883816005605035,2.6962618157375804
47,p2,clean_reencode,187,0.03440114527350613,3.6859416370498215
48,p2,clean_reencode,187,-0.13415404029288364,1.9973499718400909
49,p2,clean_reencode,187,0.6132369497247945,2.488141765946808
50,p2,clean_reencode,187,-0.023451086543910548,3.829917853781869
51,p2,clean_reencode,187,-0.16012072746397538,2.5013535012606787
52,p2,clean_reencode,187,-0.10981191886501353,2.4859735773883105
53,p2,clean_reencode,187,-0.4002383680382748,1.7501051255187368
54,p2,clean_reencode,187,-0.5167939602394306,3.312015134537801
55,p2,clean_reencode,187,-0.1506114298705847,2.6789094446880304
56,p2,clean_reencode,187,-0.11348172944429542,1.5031324605201413
57,p2,clean_reencode,187,-0.004545402231669893,3.7033298351794146
58,p2,clean_reencode,187,-0.2222380965504364,3.187946446584436
59,p2,clean_reencode,187,-0.15283088306389825,2.5808654174614443
60,p2,clean_reencode,187,-0.3895234799517894,2.0569034537400013
61,p2,clean_reencode,187,-0.3254960968397226,1.5902834561124863
62,p2,clean_reencode,187,0.6316575621353216,2.538115466212473
63,p2,clean_reencode,187,0.18851079498531487,1.4327556722258246
0,p3,clean_reencode,171,-0.5899888315588792,1.9542726651030522
1,p3,clean_reencode,171,-0.6805274337709653,1.3841755592233584
2,p3,clean_reencode,171,-0.2148403183348287,2.080890600716021
3,p3,clean_reencode,171,-0.09456427748627518,2.0641184490024593
4,p3,clean_reencode,171,0.5847673703245448,3.1655699370283403
5,p3,clean_reencode,171,0.39311626182065745,2.3491600052445563
6,p3,clean_reencode,171,0.0037384551949758136,2.914606927154648
7,p3,clean_reencode,171,0.6415069314285083,1.9541537753970535
8,p3,clean_reencode,171,0.08529991616142787,1.6642586145973222
9,p3,clean_reencode,171,-0.4381043780805014,2.120796989174376
10,p3,clean_reencode,171,-0.5432907958349841,2.9308649848735455
11,p3,clean_reencode,171,-0.6290715661514809,3.194028118375184
12,p3,clean_reencode,171,-0.7510540150562536,2.405862484895782
13,p3,clean_reencode,171,-0.7686783983928205,2.518125096276038
14,p3,clean_reencode,171,-0.31874011609446895,1.750485702808334
15,p3,clean_reencode,171,0.4954868559154288,3.495349588310386
16,p3,clean_reencode,171,0.5709557688454984,2.2380107469905677
17,p3,clean_reencode,171,-0.17623365590298345,1.6985584148148272
18,p3,clean_reencode,171,-0.15995880342433544,2.1948101573521837
19,p3,clean_reencode,171,-0.15971923662810272,2.302102677221695
20,p3,clean_reencode,171,0.06049988100889022,2.127766540751915
21,p3,clean_reencode,171,-0.41506645518054686,4.252462175923733
22,p3,clean_reencode,171,-0.6605314863741965,1.5881482417591206
23,p3,clean_reencode,171,0.5799733990065258,2.130429337358288
24,p3,clean_reencode,171,0.4360863803870872,1.4734700435402175
25,p3,clean_reencode,171,-0.30871911166866955,1.6814736309699838
26,p3,clean_reencode,171,-0.3092782254425124,2.831246988870782
27,p3,clean_reencode,171,0.5182804481356686,2.567221414107846
28,p3,clean_reencode,171,0.00044008971008637035,2.2707113725733103
29,p3,clean_reencode,171,-0.910983390147842,2.7789647008940546
30,p3,clean_reencode,171,0.5560695920394862,2.578505846837172
31,p3,clean_reencode,171,0.1377828796873022,1.8602027873312308
32,p3,clean_reencode,171,-0.5271866666259472,1.72728925378985
33,p3,clean_reencode,171,-0.7133685543188454,2.887885648315442
34,p3,clean_reencode,171,-0.9493340254972459,3.111233843932573
35,p3,clean_reencode,171,-0.6680661251176925,1.8775248993624227
36,p3,clean_reencode,171,-0.45215279921282797,2.5077080207498823
37,p3,clean_reencode,171,-0.4880367311576903,3.1392458924091327
38,p3,clean_reencode,171,0.33223224745005514,1.987259028848342
39,p3,clean_reencode,171,0.2988739103322532,3.4803745665636407
40,p3,clean_reencode,171,0.3439665696711935,2.5885307169931844
41,p3,clean_reencode,171,0.17270924777652152,1.4066405407706999
42,p3,clean_reencode,171,0.21179686297985714,1.9933250699678116
43,p3,clean_reencode,171,-0.023229141362099175,3.3859303622292454
44,p3,clean_reencode,171,0.17070652053102964,3.353668187234015
45,p3,clean_reencode,171,0.8292522419549605,2.4387229475299006
46,p3,clean_reencode,171,0.13985163854853308,2.0170076082284516
47,p3,clean_reencode,171,0.49013768336761016,2.913155969479475
48,p3,clean_reencode,171,0.1681948113251356,2.1754547648241385
49,p3,clean_reencode,171,0.828272456144478,2.3810894586889138
50,p3,clean_reencode,171,0.12827001655825804,3.623399294165669
51,p3,clean_reencode,171,-0.42889232096504204,1.557664111842219
52,p3,clean_reencode,171,-0.4074051453003919,1.8846986030405406
53,p3,clean_reencode,171,-0.2212501481446041,1.9868827400958722
54,p3,clean_reencode,171,0.000639748889802456,2.7862542517804374
55,p3,clean_reencode,171,0.18096037074955185,2.0768569854609114
56,p3,clean_reencode,171,0.316653560337925,2.8400775690918847
57,p3,clean_reencode,171,0.012996838210905677,3.127183325332969
58,p3,clean_reencode,171,-0.46095986849210313,1.9912147109155314
59,p3,clean_reencode,171,0.3648163364351638,3.1144833513986283
60,p3,clean_reencode,171,0.003069143485540708,3.6168088807957726
61,p3,clean_reencode,171,0.20705671756832233,1.773306867248018
62,p3,clean_reencode,171,0.23275270215958524,2.396571755235838
63,p3,clean_reencode,171,0.15327773376379594,2.4122614751748506
0,p4,clean_reencode,186,-0.06094033414332122,3.861676414550331
1,p4,clean_reencode,186,-0.499417528798676,2.971009865777795
2,p4,clean_reencode,186,-0.7218190570839802,2.6936772119621137
3,p4,clean_reencode,186,0.5239739070803531,2.470595415665618
4,p4,clean_reencode,186,0.6065706901686793,3.4783911113276806
5,p4,clean_reencode,186,0.16707847172435383,2.162495316954243
6,p4,clean_reencode,186,-0.47361782493695465,3.3195893719084326
7,p4,clean_reencode,186,0.4040954516320842,1.3128795501846127
8,p4,clean_reencode,186,-0.2539518040160458,3.928937503570972
9,p4,clean_reencode,186,0.19186724939896838,2.637273223055706
10,p4,clean_reencode,186,-0.5419134248667545,5.114639912152408
11,p4,clean_reencode,186,-0.8481146093709035,2.8091174407451813
12,p4,clean_reencode,186,-0.5194286801084336,2.683771474568323
13,p4,clean_reencode,186,-0.5379682066172676,1.3634520538344637
14,p4,clean_reencode,186,-0.02797693572776558,1.8946443193127949
15,p4,clean_reencode,186,0.45199025480021343,2.5187764974954594
16,p4,clean_reencode,186,0.505136800378799,1.4640000407358698
17,p4,clean_reencode,186,0.14468770443224058,1.4360549427181841
18,p4,clean_reencode,186,0.19441852867255888,1.8729316973566401
19,p4,clean_reencode,186,-0.32015530192809066,1.7313144409699615
20,p4,clean_reencode,186,-0.6174830203499482,2.057129534668328
21,p4,clean_reencode,186,0.07051138308867383,3.3111482074746053
22,p4,clean_reencode,186,-0.07167296785336869,1.2056121761420406
23,p4,clean_reencode,186,0.6934960196790496,2.0478479592063663
24,p4,clean_reencode,186,0.3873181957875503,2.4378590151214192
25,p4,clean_reencode,186,-0.45809417994319385,2.232451494621372
26,p4,clean_reencode,186,-0.37111571632184,2.963747163338912
27,p4,clean_reencode,186,0.3715963742002006,2.1941277633507914
28,p4,clean_reencode,186,0.14767848854363036,2.3626622751011728
29,p4,clean_reencode,186,-0.3183581942961866,2.580005386879957
30,p4,clean_reencode,186,0.5367038750843017,2.4730618825856774
31,p4,clean_reencode,186,-0.07630776765496128,3.8218402783310563
32,p4,clean_reencode,186,-0.6464808583584094,1.8814012298943446
33,p4,clean_reencode,186,-0.6007110954390832,3.2262855131210775
34,p4,clean_reencode,186,-0.526557974763139,2.59723607853125
35,p4,clean_reencode,186,-0.05319499656493325,1.926356110457042
36,p4,clean_reencode,186,-0.0836297086766107,1.6688317962294177
37,p4,clean_reencode,186,-0.31485939446081673,2.756858238263653
38,p4,clean_reencode,186,0.8481788795591805,2.265613979871071
39,p4,clean_reencode,186,-0.003518354045212953,2.081591905433575
40,p4,clean_reencode,186,0.18232138664139338,1.4839478875081722
41,p4,clean_reencode,186,-0.391980549051017,1.8690861826526444
42,p4,clean_reencode,186,-0.3373168661914577,1.8840623942223131
43,p4,clean_reencode,186,-0.25845694193392565,2.4398906458951224
44,p4,clean_reencode,186,0.8850595583772504,2.4413196708692686
45,p4,clean_reencode,186,0.463227992714632,1.5029335693288457
46,p4,clean_reencode,186,0.18752775615738917,2.6326494060929093
47,p4,clean_reencode,186,-0.033940984945075386,2.8041611175528685
48,p4,clean_reencode,186,0.18424445420348068,1.8720918916698666
49,p4,clean_reencode,186,0.708937694886319,2.4712222430213675
50,p4,clean_reencode,186,-0.49796087897255426,3.1927394734207475
51,p4,clean_reencode,186,0.5872750598088339,2.958185658933162
52,p4,clean_reencode,186,-0.814933799838168,2.423785931431955
53,p4,clean_reencode,186,-0.01339954764758164,1.7665309709384216
54,p4,clean_reencode,186,0.15361914920998754,1.5055163841182515
55,p4,clean_reencode,186,-0.24283963079320042,2.47660613286991
56,p4,clean_reencode,186,-0.004099715561752435,2.0747410274596785
57,p4,clean_reencode,186,-0.06904086645696669,3.305097740614569
58,p4,clean_reencode,186,-0.23830053901784276,2.610282776524223
59,p4,clean_reencode,186,-0.5780848542492327,2.046233425029319
60,p4,clean_reencode,186,0.00807611077231393,1.7619152526010975
61,p4,clean_reencode,186,-0.32504783645582874,2.721373986519468
62,p4,clean_reencode,186,0.109981949836417,3.474782185590941
63,p4,clean_reencode,186,0.6245730765717302,2.124097116920835
0,p5,clean_reencode,175,-0.4702454971375745,2.3474119609073343
1,p5,clean_reencode,175,-0.32144805586425,2.9525101116635115
2,p5,clean_reencode,175,-0.8280954332318718,2.79961420032091
3,p5,clean_reencode,175,-0.07106463700647286,1.954603910805178
4,p5,clean_reencode,175,0.6341704002957625,2.3968568923108844
5,p5,clean_reencode,175,0.051991793623636116,1.6319720442659604
6,p5,clean_reencode,175,-0.8330262107169244,3.7388958550556644
7,p5,clean_reencode,175,0.50028221247696,1.7722573290443078
8,p5,clean_reencode,175,-0.5312083138020546,3.7811105585443316
9,p5,clean_reencode,175,0.1825852094947278,2.1413837223884022
10,p5,clean_reencode,175,-0.4463770989546917,2.8827243225379475
11,p5,clean_reencode,175,-0.5124748766386926,2.3602344009434435
12,p5,clean_reencode,175,-0.3772048731730706,2.3679541048109702
13,p5,clean_reencode,175,-0.6170088102493595,1.9091078358674036
14,p5,clean_reencode,175,-0.10987675784452267,1.713186519637831
15,p5,clean_reencode,175,0.616883806175954,2.7532801594956786
16,p5,clean_reencode,175,-0.009478158431099531,2.8490983562515506
17,p5,clean_reencode,175,-0.09074724723900197,3.2736909649334094
18,p5,clean_reencode,175,-0.36725679884938134,1.9984546840235442
19,p5,clean_reencode,175,0.5598896592356803,2.571869745302662
20,p5,clean_reencode,175,-0.4446387954010921,3.9334052805190116
21,p5,clean_reencode,175,-0.16964023614352713,1.973217093430864
22,p5,clean_reencode,175,-0.017155068990262045,1.9368456186246443
23,p5,clean_reencode,175,0.2915558884448748,2.5358737183397055
24,p5,clean_reencode,175,0.25883671114946677,2.408201914758823
25,p5,clean_reencode,175,-0.4537057579709938,1.2078417017891814
26,p5,clean_reencode,175,-0.048352035523663454,2.59349338719115
27,p5,clean_reencode,175,0.09954757875114544,2.0761863010363877
28,p5,clean_reencode,175,0.3513565491112215,2.7903886141112424
29,p5,clean_reencode,175,-0.7665515558830625,2.2850447205431226
30,p5,clean_reencode,175,0.614669671707255,1.6492814868677732
31,p5,clean_reencode,175,-0.31993307661728776,2.470087024211139
32,p5,clean_reencode,175,-0.20647974637955957,2.167441166722416
33,p5,clean_reencode,175,-0.9404143099087472,2.4809024965379027
34,p5,clean_reencode,175,-0.2730256515285696,2.8470775433583504
35,p5,clean_reencode,175,-0.9191540043221738,2.0575592960693245
36,p5,clean_reencode,175,-0.4877414430932754,2.9758858331396487
37,p5,clean_reencode,175,-0.03135698275199829,3.322810043235946
38,p5,clean_reencode,175,-0.03165274652079958,1.6175780625557497
39,p5,clean_reencode,175,0.03165535710240842,2.1144587371813452
40,p5,clean_reencode,175,0.10822030897260095,1.2113006000416269
41,p5,clean_reencode,175,-0.33524484349927175,2.0605482437871783
42,p5,clean_reencode,175,0.03089998533705901,2.187115458302989
43,p5,clean_reencode,175,-0.6477637965877184,2.4229173946451983
44,p5,clean_reencode,175,0.22437657114689363,2.7655317763930243
45,p5,clean_reencode,175,0.48993544516769655,1.0590676929628164
46,p5,clean_reencode,175,0.18860149232107573,1.9615300784979834
47,p5,clean_reencode,175,-0.3771761420116783,3.168941396242428
48,p5,clean_reencode,175,-0.030304614606630025,2.3300926370249124
49,p5,clean_reencode,175,0.7230019986297653,2.567958269801158
50,p5,clean_reencode,175,-0.26386128035427353,2.217783352422702
51,p5,clean_reencode,175,0.4812705112098076,2.5147824864336377
52,p5,clean_reencode,175,-1.0860603646139788,2.8686554386514316
53,p5,clean_reencode,175,0.012263456391609072,1.4971174669069536
54,p5,clean_reencode,175,0.2583386236924414,1.5996783478700556
55,p5,clean_reencode,175,0.35780921157084844,2.050427320047945
56,p5,clean_reencode,175,0.18018468504071686,2.3471583204377593
57,p5,clean_reencode,175,-0.0770050214519935,2.133803752739741
58,p5,clean_reencode,175,-0.16904171052132594,2.6128808489931377
59,p5,clean_reencode,175,-0.16917747932279806,3.349052468980554
60,p5,clean_reencode,175,-0.03419316384947113,2.445098973102151
61,p5,clean_reencode,175,-0.1438387745966383,2.3631485729186124
62,p5,clean_reencode,175,-0.3109969164668655,2.722385217024113
63,p5,clean_reencode,175,0.3425583927467237,2.7969239840310705
0,p6,clean_reencode,241,-0.23261761791751032,1.8256252456461053
1,p6,clean_reencode,241,-0.33970566305311134,2.2219823995658543
2,p6,clean_reencode,241,-0.4174680815561956,2.339524915161755
3,p6,clean_reencode,241,0.6104814556278505,1.8006685583755793
4,p6,clean_reencode,241,0.25012208739395975,2.1509223837155123
5,p6,clean_reencode,241,-0.28352388685385804,2.684199052641866
6,p6,clean_reencode,241,-0.3718097909460935,3.465646299666545
7,p6,clean_reencode,241,0.5367895217648726,1.3775860873199892
8,p6,clean_reencode,241,-0.1479753601064971,3.2353994231490892
9,p6,clean_reencode,241,0.2697520481670176,2.1912382585033363
10,p6,clean_reencode,241,0.1455803072633177,2.603364171909652
11,p6,clean_reencode,241,-0.6409175871339202,2.5860364721861187
12,p6,clean_reencode,241,-0.24619742676720238,2.8426060946016127
13,p6,clean_reencode,241,-0.5180599266846914,2.237821452249126
14,p6,clean_reencode,241,0.06274332652986547,2.1206836993915754
15,p6,clean_reencode,241,0.23081187276439483,2.1532559639891082
16,p6,clean_reencode,241,0.5423191500981459,1.8599643213545856
17,p6,clean_reencode,241,0.45498152858745966,2.3113040201790622
18,p6,clean_reencode,241,0.3772048712137644,1.699834370717598
19,p6,clean_reencode,241,-0.41303866329216865,2.6627926273772715
20,p6,clean_reencode,241,-0.3247845729668713,2.0816696775278976
21,p6,clean_reencode,241,-0.19705669221227223,2.03667585172259
22,p6,clean_reencode,241,-0.24253195706868155,1.9192379223623117
23,p6,clean_reencode,241,0.2237169002704247,2.5052418432666848
24,p6,clean_reencode,241,0.15228525412232227,2.1243739365764833
25,p6,clean_reencode,241,0.02423983489798411,2.1065036138644944
26,p6,clean_reencode,241,-0.2963617669013806,2.4040338363154605
27,p6,clean_reencode,241,0.2877671009548282,1.6180713901858588
28,p6,clean_reencode,241,0.6831132209121009,1.890580319031408
29,p6,clean_reencode,241,-0.5704391325780045,2.1976235576718723
30,p6,clean_reencode,241,0.48435086849359876,2.8094414429405266
31,p6,clean_reencode,241,0.5501953429456575,2.897267629650394
32,p6,clean_reencode,241,-0.3645260848374997,2.846292676977514
33,p6,clean_reencode,241,-0.9716927432636153,2.412647029345714
34,p6,clean_reencode,241,-0.8746678016149553,2.1864168700684345
35,p6,clean_reencode,241,0.02886379025622305,3.5724878636590707
36,p6,clean_reencode,241,-0.1684316502868211,2.2067235459200867
37,p6,clean_reencode,241,0.5012128591109758,3.419970195748531
38,p6,clean_reencode,241,0.08648178741667427,2.019940302921401
39,p6,clean_reencode,241,-0.5831363115288408,3.108271783334042
40,p6,clean_reencode,241,0.21786137541053688,2.134905898863657
41,p6,clean_reencode,241,-0.34311744721461385,2.117413782932626
42,p6,clean_reencode,241,0.08716239765616997,1.792332425194578
43,p6,clean_reencode,241,-0.2464737570839578,2.898056414292901
44,p6,clean_reencode,241,-0.11374548612726176,1.7701724481225023
45,p6,clean_reencode,241,0.5431193272690794,2.2163901021336034
46,p6,clean_reencode,241,0.46517955107004816,2.902893007445268
47,p6,clean_reencode,241,-0.08337181879578492,3.2779043142474538
48,p6,clean_reencode,241,-0.2217349411295104,1.7297021191749522
49,p6,clean_reencode,241,0.22333235185292652,2.0064524724302535
50,p6,clean_reencode,241,-0.4594314849577449,2.7426843831262584
51,p6,clean_reencode,241,0.26312662687835087,2.7010026580972104
52,p6,clean_reencode,241,-0.633786481261892,2.4276847519541382
53,p6,clean_reencode,241,-0.17094159331132547,2.2370422136069044
54,p6,clean_reencode,241,0.08822152761945994,2.306520510509854
55,p6,clean_reencode,241,0.3298467962163727,2.9172179533470355
56,p6,clean_reencode,241,0.40442870539291204,3.442477620339386
57,p6,clean_reencode,241,-0.11455208224689277,1.9870936373408705
58,p6,clean_reencode,241,-0.24788555389718103,3.0217955210054313
59,p6,clean_reencode,241,-0.22151912638092092,3.37770448165634
60,p6,clean_reencode,241,-0.17630769216964506,2.537655315597864
61,p6,clean_reencode,241,-0.4931492185281468,2.0041186997213503
62,p6,clean_reencode,241,0.4952877934381215,3.15367984013669
63,p6,clean_reencode,241,0.5084117384121751,1.5086011243250412
0,p7,clean_reencode,218,-0.4343214114261246,1.5426893719777592
1,p7,clean_reencode,218,-0.1523605727411626,1.6688199140298743
2,p7,clean_reencode,218,-0.05870983983129797,3.2528391594913906
3,p7,clean_reencode,218,0.6629610806184552,2.722522909024008
4,p7,clean_reencode,218,0.3789955246416107,3.40222608828825
5,p7,clean_reencode,218,0.2072080555809485,1.6431567994786278
6,p7,clean_reencode,218,0.04787549722060001,2.139712679558064
7,p7,clean_reencode,218,0.7091460849082253,2.558637224352427
8,p7,clean_reencode,218,0.2337610295146987,2.5178135854012997
9,p7,clean_reencode,218,-0.37287715506675945,2.848710816080332
10,p7,clean_reencode,218,-0.17207706263360784,2.927328830866445
11,p7,clean_reencode,218,-0.2191132842321616,2.890969036114467
12,p7,clean_reencode,218,-0.537314935227826,2.8488561959200687
13,p7,clean_reencode,218,-0.48137880877443745,1.573170980739231
14,p7,clean_reencode,218,-0.5538214928453121,2.987771671742662
15,p7,clean_reencode,218,0.5156236241287144,2.633110732421571
16,p7,clean_reencode,218,0.3484470273665893,2.135663777113022
17,p7,clean_reencode,218,-0.10735789526501502,1.9002345673072936
18,p7,clean_reencode,218,-0.21907654833647752,2.143868574469622
19,p7,clean_reencode,218,-0.22791096603153588,2.75096321923722
20,p7,clean_reencode,218,0.26383751837404723,1.3953368569898494
21,p7,clean_reencode,218,-0.7753209340436793,2.609026055034897
22,p7,clean_reencode,218,-0.14250920304986325,2.7350541449846566
23,p7,clean_reencode,218,0.21041154031899928,3.4794770314373866
24,p7,clean_reencode,218,0.3476607665636399,1.3051784035397476
25,p7,clean_reencode,218,-0.6156414453569143,2.7562488271473495
26,p7,clean_reencode,218,-0.018121237215673113,2.90085660412931
27,p7,clean_reencode,218,0.07651175759896385,3.024847679139841
28,p7,clean_reencode,218,0.43118146910214356,1.760492770409631
29,p7,clean_reencode,218,-0.652096274571267,2.7548794861858728
30,p7,clean_reencode,218,0.3741126780368072,2.467899929374332
31,p7,clean_reencode,218,-0.15224849002788554,2.4923260815035344
32,p7,clean_reencode,218,-0.144240810087018,1.8688787247731657
33,p7,clean_reencode,218,-0.6797388639059803,2.5535087578878413
34,p7,clean_reencode,218,-0.2272039551348985,1.898030642778734
35,p7,clean_reencode,218,-0.66858892827958,2.0421732958999006
36,p7,clean_reencode,218,-0.7641919767771248,1.6906623381129617
37,p7,clean_reencode,218,-0.3955118125977794,3.3755794302193443
38,p7,clean_reencode,218,-0.3921758524184308,1.9978367197446458
39,p7,clean_reencode,218,0.3512688291120048,1.8958206329962721
40,p7,clean_reencode,218,0.37549905011316304,2.4233503574917163
41,p7,clean_reencode,218,-0.21391165349910868,3.288573424904793
42,p7,clean_reencode,218,-0.10495510229531081,3.6438253296611784
43,p7,clean_reencode,218,-0.34253493389703593,2.6884240496008625
44,p7,clean_reencode,218,0.466303924746584,2.517220280201354
45,p7,clean_reencode,218,0.8211830323766104,2.9522271099165303
46,p7,clean_reencode,218,0.3686841339568643,2.650140224289014
47,p7,clean_reencode,218,0.17160911834668574,3.5606857614164147
48,p7,clean_reencode,218,-0.05605229047025366,2.8736821202235032
49,p7,clean_reencode,218,0.6386859927907356,2.22728017411525
50,p7,clean_reencode,218,0.24245245568523593,3.5869633762897766
51,p7,clean_reencode,218,-0.03534336414461681,3.1419131133248293
52,p7,clean_reencode,218,-0.023218414651523467,2.3993736962967356
53,p7,clean_reencode,218,-0.5249113957866599,1.6720876111430638
54,p7,clean_reencode,218,-0.40772679846871107,4.10601752367606
55,p7,clean_reencode,218,-0.2832543111807531,2.4017645602752853
56,p7,clean_reencode,218,-0.05280506467406607,1.4884197741069796
57,p7,clean_reencode,218,-0.5140717087732563,2.1190529312261295
58,p7,clean_reencode,218,-0.05726070408917194,3.3558174255071553
59,p7,clean_reencode,218,0.1048038888512167,2.439032154058827
60,p7,clean_reencode,218,0.441773879016515,2.800965997306631
61,p7,clean_reencode,218,-0.20350580871202456,1.9491095227874582
62,p7,clean_reencode,218,0.25027569327109095,1.8904306607852672
63,p7,clean_reencode,218,0.27388850247120633,1.688573217634679
