T1,T2,aligned_length,coordinate_agreement,coordinate_decision,cos_mean,cos_median,frame_offset,frame_offset_crosscorr_peak,l2_mean,offset_verified,prompt_id,roundtrip_token_match,sample_id,seed,whitened_cos_mean
35,35,35,1.0,PASS,0.9973011788278427,0.998395003157881,0,0,15.037964878542448,True,p0,1.0,p0_repo_default_s101_16ef67cbcfec,101,0.9960053215522202
32,32,32,1.0,PASS,0.9952471306440509,0.9982788740584316,0,0,18.995371541498617,True,p0,0.96875,p0_repo_default_s202_0292cd8ec9d9,202,0.9922452021585177
30,30,30,1.0,PASS,0.9952422832831956,0.9986194445900741,0,0,18.893372264334168,True,p0,0.9333333333333333,p0_repo_default_s303_1f2fe94b1a6a,303,0.9924670254995858
35,35,35,1.0,PASS,0.9983134795249226,0.9986291897958568,0,0,13.087062118307959,True,p0,0.9428571428571428,p0_repo_default_s404_fc8826df4f7b,404,0.9968259688994654
50,50,50,1.0,PASS,0.9982654402691712,0.9986614461160666,0,0,12.835307434048094,True,p1,0.96,p1_repo_default_s101_fbbf3aa8c6e1,101,0.9966381501624695
42,42,42,1.0,PASS,0.9970761283183522,0.9981141469934462,0,0,15.236887622637337,True,p1,0.9761904761904762,p1_repo_default_s202_ad3d6206b189,202,0.9959721197459034
58,58,58,1.0,PASS,0.9965113102695359,0.9978434891920012,0,0,18.685760430186146,True,p1,0.9655172413793104,p1_repo_default_s303_f3e3e5960de1,303,0.9933345223911481
44,44,44,1.0,PASS,0.9978010451899223,0.9985094703359683,0,0,13.79860747486553,True,p1,0.9772727272727273,p1_repo_default_s404_ee537186a5a1,404,0.9964610633148656
44,44,44,1.0,PASS,0.9947390585065023,0.9972923675108606,0,0,19.969192195783034,True,p2,0.9090909090909091,p2_repo_default_s101_c0b1e704741b,101,0.9901020026262384
49,49,49,1.0,PASS,0.9968220264964559,0.9981955490616929,0,0,15.563091371005694,True,p2,1.0,p2_repo_default_s202_d6f66fba357b,202,0.995066285331826
46,46,46,1.0,PASS,0.9971317309472715,0.9982363426271089,0,0,16.185115056936063,True,p2,0.9347826086956522,p2_repo_default_s303_207f49bac26e,303,0.9950581998870267
48,48,48,1.0,PASS,0.9952479242583651,0.9981512050359342,0,0,17.872316936263918,True,p2,0.9583333333333334,p2_repo_default_s404_1897b9d15e39,404,0.9923155787253037
42,42,42,1.0,PASS,0.997484486172062,0.9982444903282506,0,0,14.58909393506927,True,p3,0.9761904761904762,p3_repo_default_s101_c9d3e2125a25,101,0.9962536664505011
39,39,39,1.0,PASS,0.9957472690352338,0.9983605592774315,0,0,16.59700370505472,True,p3,0.9230769230769231,p3_repo_default_s202_1f21ae948cd2,202,0.9937510593591333
41,41,41,1.0,PASS,0.989168077583212,0.9977722837088675,0,0,20.7025535936951,True,p3,0.9512195121951219,p3_repo_default_s303_653aa1a906f8,303,0.9833789302030707
49,49,49,1.0,PASS,0.9945854839499052,0.998645973413872,0,0,16.564954681596582,True,p3,0.9183673469387755,p3_repo_default_s404_438d2fc78684,404,0.9931427288729875
46,46,46,1.0,PASS,0.9963970061440313,0.9985958224954085,0,0,14.448815940737301,True,p4,0.9565217391304348,p4_repo_default_s101_0f2ce93cd170,101,0.9943810478966049
46,46,46,1.0,PASS,0.9978219036008893,0.9986084130741584,0,0,13.564847561477423,True,p4,0.9782608695652174,p4_repo_default_s202_fae2b2b8c176,202,0.9960897502805593
46,46,46,1.0,PASS,0.9969737375082445,0.9982947415628061,0,0,15.040263057981452,True,p4,0.9565217391304348,p4_repo_default_s303_405eae3a1111,303,0.9949038745639116
48,48,48,1.0,PASS,0.9929391828105963,0.9982196896524647,0,0,20.592534467738783,True,p4,0.9583333333333334,p4_repo_default_s404_6783a23a51a7,404,0.9887869758073652
40,40,40,1.0,PASS,0.9942358043860455,0.9968774083941223,0,0,21.350236046223422,True,p5,0.975,p5_repo_default_s101_2e09396abae4,101,0.9908255730361765
40,40,40,1.0,PASS,0.9951864783870009,0.9967171094925358,0,0,18.609037783951553,True,p5,0.975,p5_repo_default_s202_2ec04a0dbb60,202,0.9926033992164349
46,46,46,1.0,PASS,0.9973373736911585,0.9985033362287421,0,0,14.255376999280728,True,p5,0.9782608695652174,p5_repo_default_s303_f214912b4437,303,0.9960533850536905
49,49,49,1.0,PASS,0.9951904355935454,0.9980826949956925,0,0,17.563450385166952,True,p5,0.9591836734693877,p5_repo_default_s404_162b0dac4264,404,0.9904484632995832
54,54,54,1.0,PASS,0.9968005092668082,0.9978424651414985,0,0,15.931427586936415,True,p6,0.9629629629629629,p6_repo_default_s101_4b18773fd91c,101,0.994452265880688
61,61,61,1.0,PASS,0.9954901036559178,0.9985723759988414,0,0,16.726931596926097,True,p6,0.9672131147540983,p6_repo_default_s202_918b9a87b276,202,0.9938550887197719
59,59,59,1.0,PASS,0.99780463445761,0.9987925517873086,0,0,13.522321554579744,True,p6,0.9491525423728814,p6_repo_default_s303_419ceaee248d,303,0.9961262256831288
67,67,67,1.0,PASS,0.9964009835787087,0.9982045318294549,0,0,16.865251688428884,True,p6,0.9104477611940298,p6_repo_default_s404_f3aa73e9bdf4,404,0.9937931651575469
50,50,50,1.0,PASS,0.9970503326452387,0.9984526751516554,0,0,15.296960909120958,True,p7,0.94,p7_repo_default_s101_99aa7bd58829,101,0.9955373365523421
62,62,62,1.0,PASS,0.9976460259994815,0.9987975840777652,0,0,13.766202072305555,True,p7,0.9838709677419355,p7_repo_default_s202_47a7c467c6e5,202,0.9963782466724084
46,46,46,1.0,PASS,0.9978898193363167,0.9987183692222061,0,0,13.747067636510016,True,p7,0.9782608695652174,p7_repo_default_s303_e94502541332,303,0.9967397445816716
60,60,60,1.0,PASS,0.9984080165862281,0.9989459275345004,0,0,11.963538598591551,True,p7,0.9666666666666667,p7_repo_default_s404_3bbd5e38f6c4,404,0.9964264916172118
